timestamp,unit_id,unit_type,empire_or_resistance,location_x,location_y,destination_x,destination_y,homeworld
2024-07-11 10:02:55,1,resistance_soldier,resistance,9,7,8,3,Sullust
2024-07-11 10:02:54,2,at-at,empire,3,7,1,8,Tatooine
2024-07-11 10:02:53,3,tie_silencer,empire,1,2,3,3,Cerea
2024-07-11 10:02:52,4,at-at,empire,4,9,7,3,Tund
2024-07-11 10:02:51,5,stormtrooper,empire,9,9,6,5,Kashyyyk
2024-07-11 10:02:50,6,tie_silencer,empire,4,10,3,10,Rodia
2024-07-11 10:02:49,7,stormtrooper,empire,5,4,4,1,Skako
2024-07-11 10:02:48,8,stormtrooper,empire,4,9,6,9,Tund
2024-07-11 10:02:47,9,unknown,empire,3,8,7,10,Socorro
2024-07-11 10:02:46,10,tie_fighter,resistance,6,10,8,6,Dorin
2024-07-11 10:02:45,11,resistance_soldier,resistance,6,4,8,4,Eriadu
2024-07-11 10:02:44,12,x-wing,resistance,6,7,3,9,Corellia
2024-07-11 10:02:43,13,x-wing,resistance,10,2,4,9,Malastare
2024-07-11 10:02:42,14,at-st,empire,6,4,7,2,Malastare
2024-07-11 10:02:41,15,unknown,empire,9,4,2,1,Skako
2024-07-11 10:02:40,16,tie_silencer,empire,9,8,4,2,Ojom
2024-07-11 10:02:39,17,stormtrooper,empire,3,8,6,7,Ryloth
2024-07-11 10:02:38,18,tie_fighter,empire,10,7,7,6,Concord Dawn
2024-07-11 10:02:37,19,tie_fighter,empire,10,5,5,10,Iridonia
2024-07-11 10:02:36,20,at-at,empire,5,4,5,1,Chandrila
2024-07-11 10:02:35,21,tie_fighter,resistance,2,9,10,6,Aleen Minor
2024-07-11 10:02:34,22,tie_silencer,empire,7,1,5,10,Troiken
2024-07-11 10:02:33,23,x-wing,resistance,8,7,7,5,Malastare
2024-07-11 10:02:32,24,tie_silencer,empire,9,1,6,3,Tholoth
2024-07-11 10:02:31,25,resistance_soldier,resistance,8,5,10,10,Shili
2024-07-11 10:02:30,26,stormtrooper,resistance,10,6,9,3,Mon Cala
2024-07-11 10:02:29,27,stormtrooper,empire,8,5,8,7,Bestine IV
2024-07-11 10:02:28,28,unknown,empire,6,1,10,2,Iridonia
2024-07-11 10:02:27,29,tie_fighter,empire,2,8,9,9,Toydaria
2024-07-11 10:02:26,30,resistance_soldier,resistance,9,4,6,1,Glee Anselm
2024-07-11 10:02:25,31,at-st,empire,6,3,6,8,Shili
2024-07-11 10:02:24,32,resistance_soldier,resistance,6,4,6,7,Muunilinst
2024-07-11 10:02:23,33,tie_fighter,empire,10,10,10,8,Skako
2024-07-11 10:02:22,34,at-st,empire,2,10,6,1,Tholoth
2024-07-11 10:02:21,35,at-st,empire,2,1,6,7,Concord Dawn
2024-07-11 10:02:20,36,resistance_soldier,resistance,2,6,7,6,Sullust
2024-07-11 10:02:19,37,at-at,empire,9,10,10,2,Chandrila
2024-07-11 10:02:18,38,at-at,empire,6,1,3,1,Rodia
2024-07-11 10:02:17,39,x-wing,resistance,1,8,10,2,Kashyyyk
2024-07-11 10:02:16,40,at-st,empire,1,3,5,9,Chandrila
2024-07-11 10:02:15,41,at-at,empire,9,8,3,10,Sullust
2024-07-11 10:02:14,42,at-at,empire,3,5,4,5,Dathomir
2024-07-11 10:02:13,43,stormtrooper,empire,8,2,7,3,Alderaan
2024-07-11 10:02:12,44,x-wing,resistance,2,7,10,6,Socorro
2024-07-11 10:02:11,45,stormtrooper,empire,9,4,4,9,Concord Dawn
2024-07-11 10:02:10,46,at-st,empire,8,9,4,9,Cerea
2024-07-11 10:02:09,47,at-at,resistance,1,3,4,9,Concord Dawn
2024-07-11 10:02:08,48,tie_silencer,empire,10,2,6,4,Dorin
2024-07-11 10:02:07,49,at-at,empire,3,4,6,4,Concord Dawn
2024-07-11 10:02:06,50,tie_silencer,empire,3,4,9,5,Kashyyyk
2024-07-11 10:02:05,51,stormtrooper,empire,3,5,2,4,Iktotch
2024-07-11 10:02:04,52,tie_silencer,empire,3,8,10,8,Serenno
2024-07-11 10:02:03,53,resistance_soldier,resistance,1,7,7,1,Naboo
2024-07-11 10:02:02,54,x-wing,resistance,5,3,7,1,Iktotch
2024-07-11 10:02:01,55,at-st,empire,6,2,8,8,Corellia
2024-07-11 10:02:00,56,unknown,resistance,1,2,1,7,Mirial
2024-07-11 10:01:59,57,unknown,empire,1,2,4,8,Trandosha
2024-07-11 10:01:58,58,resistance_soldier,resistance,4,1,2,1,Alderaan
2024-07-11 10:01:57,59,resistance_soldier,resistance,3,1,10,8,Umbara
2024-07-11 10:01:56,60,x-wing,resistance,9,7,3,8,Glee Anselm
2024-07-11 10:01:55,61,x-wing,resistance,5,3,1,8,Dorin
2024-07-11 10:01:54,62,unknown,resistance,2,6,4,6,Champala
2024-07-11 10:01:53,63,resistance_soldier,resistance,5,3,1,2,Serenno
2024-07-11 10:01:52,64,resistance_soldier,resistance,6,5,7,4,Aleen Minor
2024-07-11 10:01:51,65,at-at,empire,7,5,9,10,Kashyyyk
2024-07-11 10:01:50,66,tie_fighter,empire,2,3,4,7,Kashyyyk
2024-07-11 10:01:49,67,unknown,empire,9,1,10,1,Sullust
2024-07-11 10:01:48,68,at-st,empire,9,4,7,5,Sullust
2024-07-11 10:01:47,69,tie_silencer,empire,5,5,8,4,Socorro
2024-07-11 10:01:46,70,tie_fighter,empire,5,4,3,5,Vulpter
2024-07-11 10:01:45,71,x-wing,resistance,7,2,10,4,Mirial
2024-07-11 10:01:44,72,at-st,empire,2,3,7,7,Shili
2024-07-11 10:01:43,73,tie_fighter,empire,3,8,6,8,Cerea
2024-07-11 10:01:42,74,tie_fighter,empire,1,6,2,5,Dathomir
2024-07-11 10:01:41,75,resistance_soldier,resistance,1,5,9,5,Iridonia
2024-07-11 10:01:40,76,at-st,empire,5,8,7,9,Haruun Kal
2024-07-11 10:01:39,77,resistance_soldier,resistance,1,5,2,9,Kashyyyk
2024-07-11 10:01:38,78,tie_fighter,empire,9,9,1,4,Shili
2024-07-11 10:01:37,79,stormtrooper,empire,1,7,4,3,Cerea
2024-07-11 10:01:36,80,resistance_soldier,resistance,9,7,1,9,Tholoth
2024-07-11 10:01:35,81,resistance_soldier,resistance,2,3,9,6,Bestine IV
2024-07-11 10:01:34,82,resistance_soldier,resistance,10,10,7,9,Ojom
2024-07-11 10:01:33,83,at-st,empire,6,3,8,10,Iktotch
2024-07-11 10:01:32,84,at-at,empire,4,1,5,8,Bestine IV
2024-07-11 10:01:31,85,stormtrooper,empire,2,2,8,5,Mirial
2024-07-11 10:01:30,86,at-at,empire,2,1,10,1,Sullust
2024-07-11 10:01:29,87,at-at,empire,5,1,2,9,Cerea
2024-07-11 10:01:28,88,resistance_soldier,resistance,1,9,8,1,Dorin
2024-07-11 10:01:27,89,tie_fighter,empire,7,7,1,4,Iktotch
2024-07-11 10:01:26,90,tie_fighter,empire,9,2,10,9,Shili
2024-07-11 10:01:25,91,x-wing,resistance,7,9,3,4,Zolan
2024-07-11 10:01:24,92,x-wing,resistance,1,2,2,8,Quermia
2024-07-11 10:01:23,93,resistance_soldier,resistance,5,4,9,5,Corellia
2024-07-11 10:01:22,94,resistance_soldier,resistance,7,2,9,8,Zolan
2024-07-11 10:01:21,95,resistance_soldier,empire,6,1,9,7,Naboo
2024-07-11 10:01:20,96,at-st,empire,7,4,8,9,Vulpter
2024-07-11 10:01:19,97,resistance_soldier,resistance,3,2,6,10,Mon Cala
2024-07-11 10:01:18,98,x-wing,empire,3,5,5,8,Quermia
2024-07-11 10:01:17,99,resistance_soldier,resistance,3,10,3,10,Sullust
2024-07-11 10:01:16,100,at-st,empire,4,4,3,7,Troiken
2024-07-11 10:01:15,101,x-wing,empire,3,5,1,2,Corellia
2024-07-11 10:01:14,102,unknown,empire,1,7,6,6,Iridonia
2024-07-11 10:01:13,103,stormtrooper,empire,4,10,8,3,Dagobah
2024-07-11 10:01:12,104,resistance_soldier,resistance,1,9,6,10,Kashyyyk
2024-07-11 10:01:11,105,at-st,empire,10,4,2,5,Trandosha
2024-07-11 10:01:10,106,unknown,resistance,2,6,4,9,Haruun Kal
2024-07-11 10:01:09,107,resistance_soldier,resistance,9,7,8,9,Serenno
2024-07-11 10:01:08,108,stormtrooper,empire,8,5,4,6,Alderaan
2024-07-11 10:01:07,109,tie_fighter,resistance,4,9,5,5,Troiken
2024-07-11 10:01:06,110,x-wing,empire,1,5,6,3,Malastare
2024-07-11 10:01:05,111,unknown,resistance,6,10,3,8,Muunilinst
2024-07-11 10:01:04,112,stormtrooper,empire,5,10,1,1,Zolan
2024-07-11 10:01:03,113,resistance_soldier,resistance,6,7,2,8,Socorro
2024-07-11 10:01:02,114,at-at,empire,7,8,8,8,Kashyyyk
2024-07-11 10:01:01,115,tie_silencer,empire,4,1,1,2,Dagobah
2024-07-11 10:01:00,116,x-wing,resistance,6,6,10,5,Tatooine
2024-07-11 10:00:59,117,at-st,empire,7,1,4,2,Toydaria
2024-07-11 10:00:58,118,at-st,empire,1,9,7,6,Kashyyyk
2024-07-11 10:00:57,119,at-at,empire,7,8,4,7,Umbara
2024-07-11 10:00:56,120,x-wing,resistance,2,4,4,3,Dagobah
2024-07-11 10:00:55,121,resistance_soldier,resistance,7,4,7,8,Trandosha
2024-07-11 10:00:54,122,resistance_soldier,resistance,2,4,5,3,Umbara
2024-07-11 10:00:53,123,at-st,empire,5,9,3,4,Vulpter
2024-07-11 10:00:52,124,tie_silencer,empire,3,3,4,8,Sullust
2024-07-11 10:00:51,125,resistance_soldier,resistance,2,1,5,1,Champala
2024-07-11 10:00:50,126,at-st,empire,5,8,5,6,Serenno
2024-07-11 10:00:49,127,at-at,empire,10,8,8,5,Socorro
2024-07-11 10:00:48,128,resistance_soldier,resistance,10,7,9,9,Stewjon
2024-07-11 10:00:47,129,at-st,empire,2,2,2,7,Concord Dawn
2024-07-11 10:00:46,130,tie_fighter,empire,6,6,7,10,Haruun Kal
2024-07-11 10:00:45,131,tie_fighter,empire,8,4,10,6,Trandosha
2024-07-11 10:00:44,132,tie_silencer,empire,3,1,8,5,Malastare
2024-07-11 10:00:43,133,at-at,resistance,9,8,2,4,Kalee
2024-07-11 10:00:42,134,at-st,empire,8,8,1,10,Champala
2024-07-11 10:00:41,135,x-wing,resistance,10,6,10,4,Toydaria
2024-07-11 10:00:40,136,at-st,empire,4,2,1,1,Cerea
2024-07-11 10:00:39,137,tie_silencer,empire,9,4,8,2,Champala
2024-07-11 10:00:38,138,at-at,empire,10,10,7,8,Shili
2024-07-11 10:00:37,139,stormtrooper,empire,9,3,2,5,Bestine IV
2024-07-11 10:00:36,140,at-st,empire,2,9,10,4,Chandrila
2024-07-11 10:00:35,141,x-wing,resistance,3,1,7,9,Troiken
2024-07-11 10:00:34,142,unknown,resistance,6,7,2,2,Umbara
2024-07-11 10:00:33,143,at-st,empire,2,6,4,4,Bestine IV
2024-07-11 10:00:32,144,x-wing,resistance,2,7,3,8,Ojom
2024-07-11 10:00:31,145,tie_fighter,empire,4,7,1,8,Champala
2024-07-11 10:00:30,146,at-st,empire,9,2,4,3,Trandosha
2024-07-11 10:00:29,147,at-at,empire,10,4,4,4,Corellia
2024-07-11 10:00:28,148,stormtrooper,empire,3,7,3,9,Rodia
2024-07-11 10:00:27,149,unknown,empire,10,9,3,10,Dathomir
2024-07-11 10:00:26,150,at-at,empire,8,5,5,9,Dathomir
2024-07-11 10:00:25,151,tie_fighter,empire,7,6,2,5,Iktotch
2024-07-11 10:00:24,152,x-wing,resistance,6,3,2,9,Skako
2024-07-11 10:00:23,153,tie_silencer,empire,5,2,5,3,Eriadu
2024-07-11 10:00:22,154,x-wing,resistance,8,4,2,7,Stewjon
2024-07-11 10:00:21,155,tie_fighter,empire,6,9,5,1,Haruun Kal
2024-07-11 10:00:20,156,tie_silencer,empire,3,7,3,6,Troiken
2024-07-11 10:00:19,157,resistance_soldier,resistance,1,1,10,2,Quermia
2024-07-11 10:00:18,158,tie_silencer,empire,10,10,4,3,Umbara
2024-07-11 10:00:17,159,stormtrooper,empire,6,5,9,6,Tatooine
2024-07-11 10:00:16,160,unknown,resistance,5,6,5,10,Quermia
2024-07-11 10:00:15,161,at-at,empire,6,3,6,10,Zolan
2024-07-11 10:00:14,162,at-at,resistance,9,10,2,10,Tund
2024-07-11 10:00:13,163,at-at,empire,7,7,10,10,Bestine IV
2024-07-11 10:00:12,164,at-at,empire,6,10,4,8,Sullust
2024-07-11 10:00:11,165,at-at,empire,3,9,6,6,Tatooine
2024-07-11 10:00:10,166,at-st,empire,4,2,3,8,Socorro
2024-07-11 10:00:09,167,stormtrooper,resistance,7,9,10,2,Sullust
2024-07-11 10:00:08,168,resistance_soldier,resistance,1,8,10,9,Ryloth
2024-07-11 10:00:07,169,stormtrooper,empire,2,6,10,3,Tholoth
2024-07-11 10:00:06,170,x-wing,resistance,7,7,8,5,Kalee
2024-07-11 10:00:05,171,at-st,empire,4,5,2,9,Muunilinst
2024-07-11 10:00:04,172,resistance_soldier,resistance,9,3,6,7,Sullust
2024-07-11 10:00:03,173,at-at,empire,6,10,2,3,Naboo
2024-07-11 10:00:02,174,tie_fighter,empire,7,1,6,10,Tholoth
2024-07-11 10:00:01,175,at-at,empire,10,10,3,9,Toydaria
2024-07-11 10:00:00,176,tie_silencer,empire,10,7,8,2,Skako
2024-07-11 09:59:59,177,unknown,empire,10,7,4,6,Socorro
2024-07-11 09:59:58,178,resistance_soldier,resistance,1,5,5,7,Kashyyyk
2024-07-11 09:59:57,179,tie_silencer,empire,3,1,10,4,Malastare
2024-07-11 09:59:56,180,tie_silencer,empire,7,1,10,3,Socorro
2024-07-11 09:59:55,181,resistance_soldier,resistance,2,5,10,2,Eriadu
2024-07-11 09:59:54,182,stormtrooper,empire,3,10,7,10,Eriadu
2024-07-11 09:59:53,183,unknown,empire,2,8,6,7,Zolan
2024-07-11 09:59:52,184,x-wing,resistance,5,2,9,6,Haruun Kal
2024-07-11 09:59:51,185,tie_silencer,empire,5,4,8,2,Kalee
2024-07-11 09:59:50,186,x-wing,resistance,9,10,10,8,Eriadu
2024-07-11 09:59:49,187,stormtrooper,empire,5,3,10,1,Naboo
2024-07-11 09:59:48,188,at-at,empire,7,7,5,2,Shili
2024-07-11 09:59:47,189,resistance_soldier,resistance,3,9,9,7,Corellia
2024-07-11 09:59:46,190,at-st,empire,7,6,1,3,Tatooine
2024-07-11 09:59:45,191,x-wing,resistance,7,3,6,7,Iktotch
2024-07-11 09:59:44,192,at-at,empire,5,7,8,7,Malastare
2024-07-11 09:59:43,193,stormtrooper,empire,2,5,10,1,Rodia
2024-07-11 09:59:42,194,at-st,empire,4,5,6,10,Troiken
2024-07-11 09:59:41,195,tie_fighter,empire,4,1,6,6,Ryloth
2024-07-11 09:59:40,196,tie_silencer,empire,3,6,9,4,Eriadu
2024-07-11 09:59:39,197,tie_fighter,empire,8,8,7,3,Kalee
2024-07-11 09:59:38,198,at-st,empire,3,7,6,2,Stewjon
2024-07-11 09:59:37,199,stormtrooper,empire,7,3,4,6,Tund
2024-07-11 09:59:36,200,at-at,resistance,5,7,2,7,Haruun Kal
2024-07-11 09:59:35,201,tie_fighter,empire,5,3,3,10,Aleen Minor
2024-07-11 09:59:34,202,at-at,empire,5,1,7,8,Dagobah
2024-07-11 09:59:33,203,unknown,empire,9,7,4,6,Vulpter
2024-07-11 09:59:32,204,stormtrooper,empire,2,5,9,1,Muunilinst
2024-07-11 09:59:31,205,tie_silencer,empire,4,7,4,10,Iridonia
2024-07-11 09:59:30,206,tie_silencer,empire,9,7,2,10,Dathomir
2024-07-11 09:59:29,207,at-at,empire,9,7,2,7,Tatooine
2024-07-11 09:59:28,208,at-st,empire,2,9,8,1,Eriadu
2024-07-11 09:59:27,209,at-at,empire,6,1,5,7,Tund
2024-07-11 09:59:26,210,at-st,empire,7,1,6,3,Mon Cala
2024-07-11 09:59:25,211,resistance_soldier,resistance,10,5,5,3,Tund
2024-07-11 09:59:24,212,x-wing,resistance,1,9,2,6,Eriadu
2024-07-11 09:59:23,213,at-at,empire,7,7,8,5,Muunilinst
2024-07-11 09:59:22,214,stormtrooper,empire,6,6,3,1,Muunilinst
2024-07-11 09:59:21,215,x-wing,resistance,8,3,9,10,Iridonia
2024-07-11 09:59:20,216,at-st,empire,3,8,10,4,Iridonia
2024-07-11 09:59:19,217,at-at,resistance,8,6,4,6,Vulpter
2024-07-11 09:59:18,218,unknown,resistance,1,1,9,1,Vulpter
2024-07-11 09:59:17,219,tie_fighter,empire,9,1,9,5,Ojom
2024-07-11 09:59:16,220,x-wing,resistance,3,4,5,9,Haruun Kal
2024-07-11 09:59:15,221,resistance_soldier,resistance,6,7,8,2,Eriadu
2024-07-11 09:59:14,222,at-at,empire,6,10,7,5,Muunilinst
2024-07-11 09:59:13,223,tie_silencer,empire,9,7,9,2,Iktotch
2024-07-11 09:59:12,224,at-at,resistance,8,2,10,2,Trandosha
2024-07-11 09:59:11,225,stormtrooper,empire,3,2,2,8,Haruun Kal
2024-07-11 09:59:10,226,unknown,resistance,5,9,4,8,Dathomir
2024-07-11 09:59:09,227,stormtrooper,empire,2,7,7,3,Ojom
2024-07-11 09:59:08,228,tie_fighter,empire,5,7,5,3,Iktotch
2024-07-11 09:59:07,229,resistance_soldier,resistance,2,3,6,8,Malastare
2024-07-11 09:59:06,230,at-at,empire,1,10,7,2,Troiken
2024-07-11 09:59:05,231,tie_silencer,empire,2,9,7,7,Bestine IV
2024-07-11 09:59:04,232,tie_silencer,empire,5,2,1,3,Skako
2024-07-11 09:59:03,233,resistance_soldier,resistance,1,2,2,1,Alderaan
2024-07-11 09:59:02,234,at-st,empire,3,5,5,9,Iktotch
2024-07-11 09:59:01,235,stormtrooper,empire,4,5,9,4,Iktotch
2024-07-11 09:59:00,236,unknown,resistance,4,4,3,9,Ryloth
2024-07-11 09:58:59,237,at-at,empire,6,9,1,8,Sullust
2024-07-11 09:58:58,238,tie_silencer,empire,8,2,10,5,Sullust
2024-07-11 09:58:57,239,at-st,empire,10,4,6,7,Tholoth
2024-07-11 09:58:56,240,at-at,empire,1,2,5,2,Vulpter
2024-07-11 09:58:55,241,at-st,empire,1,9,4,7,Trandosha
2024-07-11 09:58:54,242,tie_fighter,empire,5,4,2,9,Quermia
2024-07-11 09:58:53,243,resistance_soldier,resistance,6,10,10,4,Mirial
2024-07-11 09:58:52,244,unknown,resistance,5,1,6,8,Cerea
2024-07-11 09:58:51,245,at-at,empire,7,10,2,7,Tholoth
2024-07-11 09:58:50,246,stormtrooper,empire,9,9,10,4,Sullust
2024-07-11 09:58:49,247,stormtrooper,empire,3,8,10,5,Toydaria
2024-07-11 09:58:48,248,at-at,empire,8,4,6,1,Corellia
2024-07-11 09:58:47,249,unknown,resistance,7,5,6,5,Cerea
2024-07-11 09:58:46,250,tie_fighter,resistance,8,4,2,8,Chandrila
2024-07-11 09:58:45,251,at-at,empire,4,3,5,7,Concord Dawn
2024-07-11 09:58:44,252,unknown,empire,8,4,2,8,Ojom
2024-07-11 09:58:43,253,stormtrooper,empire,9,10,10,3,Tatooine
2024-07-11 09:58:42,254,x-wing,resistance,5,10,4,2,Stewjon
2024-07-11 09:58:41,255,tie_fighter,resistance,1,10,7,10,Dagobah
2024-07-11 09:58:40,256,resistance_soldier,resistance,5,10,7,7,Naboo
2024-07-11 09:58:39,257,resistance_soldier,resistance,1,7,9,4,Umbara
2024-07-11 09:58:38,258,stormtrooper,empire,10,7,3,7,Rodia
2024-07-11 09:58:37,259,x-wing,resistance,4,2,4,6,Socorro
2024-07-11 09:58:36,260,at-st,empire,5,6,5,1,Serenno
2024-07-11 09:58:35,261,x-wing,empire,5,2,8,5,Kashyyyk
2024-07-11 09:58:34,262,resistance_soldier,resistance,2,8,6,4,Vulpter
2024-07-11 09:58:33,263,at-at,empire,3,7,10,8,Concord Dawn
2024-07-11 09:58:32,264,at-st,empire,10,8,4,10,Ryloth
2024-07-11 09:58:31,265,stormtrooper,empire,4,1,1,9,Malastare
2024-07-11 09:58:30,266,x-wing,resistance,1,4,9,2,Iridonia
2024-07-11 09:58:29,267,at-at,empire,7,8,3,7,Tund
2024-07-11 09:58:28,268,tie_fighter,empire,7,8,7,10,Tund
2024-07-11 09:58:27,269,at-st,empire,4,9,1,4,Quermia
2024-07-11 09:58:26,270,tie_silencer,empire,8,8,7,1,Aleen Minor
2024-07-11 09:58:25,271,x-wing,resistance,6,5,9,7,Champala
2024-07-11 09:58:24,272,tie_silencer,empire,1,3,8,8,Quermia
2024-07-11 09:58:23,273,tie_fighter,empire,10,2,5,6,Stewjon
2024-07-11 09:58:22,274,at-st,empire,6,7,8,2,Iktotch
2024-07-11 09:58:21,275,resistance_soldier,resistance,3,6,4,4,Chandrila
2024-07-11 09:58:20,276,tie_fighter,empire,4,7,6,8,Champala
2024-07-11 09:58:19,277,x-wing,resistance,8,2,10,1,Bestine IV
2024-07-11 09:58:18,278,at-st,empire,5,1,1,10,Bestine IV
2024-07-11 09:58:17,279,at-at,resistance,1,10,8,1,Concord Dawn
2024-07-11 09:58:16,280,x-wing,resistance,5,5,8,9,Corellia
2024-07-11 09:58:15,281,tie_fighter,empire,10,2,6,4,Alderaan
2024-07-11 09:58:14,282,at-at,empire,2,7,1,3,Sullust
2024-07-11 09:58:13,283,at-st,empire,2,2,2,2,Sullust
2024-07-11 09:58:12,284,tie_silencer,empire,5,8,9,9,Kashyyyk
2024-07-11 09:58:11,285,stormtrooper,empire,9,2,9,6,Ojom
2024-07-11 09:58:10,286,tie_fighter,resistance,6,4,3,9,Zolan
2024-07-11 09:58:09,287,unknown,empire,1,4,1,2,Bestine IV
2024-07-11 09:58:08,288,resistance_soldier,resistance,3,4,7,9,Dathomir
2024-07-11 09:58:07,289,tie_fighter,resistance,2,5,4,7,Aleen Minor
2024-07-11 09:58:06,290,stormtrooper,empire,1,8,1,5,Muunilinst
2024-07-11 09:58:05,291,resistance_soldier,resistance,9,6,1,3,Eriadu
2024-07-11 09:58:04,292,stormtrooper,empire,1,3,6,5,Chandrila
2024-07-11 09:58:03,293,tie_fighter,empire,6,3,5,9,Glee Anselm
2024-07-11 09:58:02,294,at-at,empire,9,2,4,4,Trandosha
2024-07-11 09:58:01,295,unknown,empire,10,7,7,3,Sullust
2024-07-11 09:58:00,296,x-wing,resistance,4,8,8,4,Cerea
2024-07-11 09:57:59,297,tie_silencer,empire,5,10,8,10,Toydaria
2024-07-11 09:57:58,298,x-wing,resistance,1,3,5,3,Aleen Minor
2024-07-11 09:57:57,299,x-wing,resistance,5,9,10,4,Kashyyyk
2024-07-11 09:57:56,300,unknown,empire,8,7,8,6,Troiken
2024-07-11 09:57:55,301,unknown,empire,6,1,8,6,Ojom
2024-07-11 09:57:54,302,unknown,resistance,8,1,3,4,Mon Cala
2024-07-11 09:57:53,303,unknown,empire,5,10,6,9,Troiken
2024-07-11 09:57:52,304,at-st,empire,7,2,10,6,Eriadu
2024-07-11 09:57:51,305,unknown,empire,6,8,10,9,Rodia
2024-07-11 09:57:50,306,at-at,empire,1,3,8,4,Mirial
2024-07-11 09:57:49,307,tie_fighter,resistance,9,10,3,4,Troiken
2024-07-11 09:57:48,308,x-wing,resistance,3,5,4,1,Trandosha
2024-07-11 09:57:47,309,stormtrooper,empire,8,2,6,9,Kalee
2024-07-11 09:57:46,310,tie_silencer,empire,9,6,4,10,Vulpter
2024-07-11 09:57:45,311,unknown,resistance,9,2,8,8,Shili
2024-07-11 09:57:44,312,tie_silencer,empire,6,5,7,6,Dathomir
2024-07-11 09:57:43,313,x-wing,empire,5,5,9,9,Tatooine
2024-07-11 09:57:42,314,at-at,empire,4,5,1,4,Tatooine
2024-07-11 09:57:41,315,tie_silencer,empire,6,2,5,10,Dagobah
2024-07-11 09:57:40,316,at-st,resistance,4,8,4,7,Dagobah
2024-07-11 09:57:39,317,x-wing,resistance,1,1,3,10,Malastare
2024-07-11 09:57:38,318,x-wing,resistance,9,4,5,4,Quermia
2024-07-11 09:57:37,319,resistance_soldier,resistance,10,4,3,2,Mon Cala
2024-07-11 09:57:36,320,tie_fighter,resistance,4,5,7,8,Muunilinst
2024-07-11 09:57:35,321,resistance_soldier,resistance,7,2,6,8,Troiken
2024-07-11 09:57:34,322,x-wing,resistance,7,8,1,2,Chandrila
2024-07-11 09:57:33,323,at-at,empire,5,6,9,4,Muunilinst
2024-07-11 09:57:32,324,unknown,resistance,1,8,7,1,Glee Anselm
2024-07-11 09:57:31,325,tie_silencer,empire,10,1,9,9,Kalee
2024-07-11 09:57:30,326,unknown,empire,4,9,3,1,Kashyyyk
2024-07-11 09:57:29,327,resistance_soldier,resistance,10,3,7,7,Dorin
2024-07-11 09:57:28,328,tie_silencer,empire,4,8,8,1,Kalee
2024-07-11 09:57:27,329,tie_silencer,empire,6,4,5,5,Alderaan
2024-07-11 09:57:26,330,at-at,empire,3,3,3,7,Haruun Kal
2024-07-11 09:57:25,331,unknown,resistance,2,6,6,1,Dagobah
2024-07-11 09:57:24,332,at-at,empire,4,7,8,6,Kalee
2024-07-11 09:57:23,333,tie_fighter,empire,9,3,4,1,Tholoth
2024-07-11 09:57:22,334,at-at,empire,5,6,4,7,Zolan
2024-07-11 09:57:21,335,tie_silencer,empire,3,5,2,10,Corellia
2024-07-11 09:57:20,336,tie_silencer,empire,3,6,9,1,Skako
2024-07-11 09:57:19,337,resistance_soldier,resistance,7,7,3,8,Vulpter
2024-07-11 09:57:18,338,x-wing,resistance,2,8,5,7,Malastare
2024-07-11 09:57:17,339,resistance_soldier,resistance,9,10,4,2,Cerea
2024-07-11 09:57:16,340,unknown,resistance,4,10,1,9,Eriadu
2024-07-11 09:57:15,341,x-wing,empire,9,10,8,6,Champala
2024-07-11 09:57:14,342,stormtrooper,empire,6,4,8,4,Stewjon
2024-07-11 09:57:13,343,tie_fighter,empire,3,1,1,1,Iktotch
2024-07-11 09:57:12,344,at-st,empire,3,5,2,4,Champala
2024-07-11 09:57:11,345,unknown,resistance,3,6,7,2,Iktotch
2024-07-11 09:57:10,346,at-at,empire,5,10,3,6,Iktotch
2024-07-11 09:57:09,347,stormtrooper,empire,7,3,3,2,Zolan
2024-07-11 09:57:08,348,stormtrooper,empire,1,2,9,1,Malastare
2024-07-11 09:57:07,349,tie_fighter,empire,10,8,9,6,Skako
2024-07-11 09:57:06,350,at-at,resistance,9,8,6,9,Champala
2024-07-11 09:57:05,351,unknown,resistance,4,3,3,10,Iktotch
2024-07-11 09:57:04,352,at-st,empire,6,8,9,10,Aleen Minor
2024-07-11 09:57:03,353,unknown,empire,5,2,5,10,Concord Dawn
2024-07-11 09:57:02,354,x-wing,resistance,5,2,10,8,Mon Cala
2024-07-11 09:57:01,355,at-at,empire,5,9,5,1,Naboo
2024-07-11 09:57:00,356,tie_silencer,empire,1,10,2,1,Aleen Minor
2024-07-11 09:56:59,357,x-wing,empire,6,5,7,8,Dagobah
2024-07-11 09:56:58,358,resistance_soldier,resistance,10,8,10,4,Dorin
2024-07-11 09:56:57,359,tie_fighter,empire,2,5,10,10,Iridonia
2024-07-11 09:56:56,360,unknown,empire,3,1,8,3,Kalee
2024-07-11 09:56:55,361,at-st,resistance,6,9,4,1,Malastare
2024-07-11 09:56:54,362,stormtrooper,empire,7,4,2,5,Ryloth
2024-07-11 09:56:53,363,tie_fighter,resistance,3,2,6,4,Muunilinst
2024-07-11 09:56:52,364,unknown,resistance,10,9,1,6,Bestine IV
2024-07-11 09:56:51,365,unknown,resistance,9,3,7,3,Malastare
2024-07-11 09:56:50,366,at-at,empire,5,1,1,10,Mon Cala
2024-07-11 09:56:49,367,resistance_soldier,resistance,7,8,7,8,Malastare
2024-07-11 09:56:48,368,resistance_soldier,empire,8,10,10,3,Bestine IV
2024-07-11 09:56:47,369,stormtrooper,resistance,6,4,8,5,Malastare
2024-07-11 09:56:46,370,at-at,empire,9,9,1,7,Serenno
2024-07-11 09:56:45,371,tie_fighter,empire,2,9,6,1,Muunilinst
2024-07-11 09:56:44,372,resistance_soldier,resistance,9,9,2,4,Dagobah
2024-07-11 09:56:43,373,x-wing,resistance,9,7,7,4,Muunilinst
2024-07-11 09:56:42,374,resistance_soldier,resistance,5,2,7,9,Trandosha
2024-07-11 09:56:41,375,tie_silencer,empire,10,10,1,3,Quermia
2024-07-11 09:56:40,376,tie_fighter,empire,7,7,4,7,Rodia
2024-07-11 09:56:39,377,x-wing,empire,2,6,10,9,Corellia
2024-07-11 09:56:38,378,x-wing,resistance,4,2,3,2,Toydaria
2024-07-11 09:56:37,379,at-st,empire,3,3,4,2,Muunilinst
2024-07-11 09:56:36,380,tie_fighter,empire,5,9,5,9,Glee Anselm
2024-07-11 09:56:35,381,resistance_soldier,resistance,4,9,9,4,Serenno
2024-07-11 09:56:34,382,unknown,empire,7,8,5,5,Bestine IV
2024-07-11 09:56:33,383,at-at,resistance,7,2,8,4,Stewjon
2024-07-11 09:56:32,384,tie_fighter,empire,5,2,4,5,Skako
2024-07-11 09:56:31,385,resistance_soldier,resistance,2,2,1,10,Alderaan
2024-07-11 09:56:30,386,x-wing,resistance,10,10,10,4,Kalee
2024-07-11 09:56:29,387,at-at,empire,10,8,3,8,Ryloth
2024-07-11 09:56:28,388,tie_silencer,empire,1,10,9,10,Ryloth
2024-07-11 09:56:27,389,unknown,empire,4,1,4,7,Concord Dawn
2024-07-11 09:56:26,390,resistance_soldier,resistance,2,3,5,8,Trandosha
2024-07-11 09:56:25,391,at-st,resistance,9,9,10,5,Tund
2024-07-11 09:56:24,392,tie_silencer,empire,4,7,5,7,Vulpter
2024-07-11 09:56:23,393,stormtrooper,resistance,6,10,1,3,Eriadu
2024-07-11 09:56:22,394,at-st,resistance,7,9,2,5,Champala
2024-07-11 09:56:21,395,unknown,empire,8,7,10,3,Sullust
2024-07-11 09:56:20,396,tie_fighter,empire,5,3,7,9,Ojom
2024-07-11 09:56:19,397,at-st,empire,6,5,5,3,Serenno
2024-07-11 09:56:18,398,tie_fighter,resistance,1,2,1,5,Bestine IV
2024-07-11 09:56:17,399,stormtrooper,empire,7,9,3,10,Kalee
2024-07-11 09:56:16,400,at-st,empire,4,10,6,9,Kashyyyk
2024-07-11 09:56:15,401,at-at,empire,3,7,7,3,Glee Anselm
2024-07-11 09:56:14,402,at-at,empire,4,3,4,10,Skako
2024-07-11 09:56:13,403,resistance_soldier,resistance,7,9,9,3,Shili
2024-07-11 09:56:12,404,tie_fighter,empire,1,8,9,7,Naboo
2024-07-11 09:56:11,405,x-wing,resistance,7,1,2,10,Quermia
2024-07-11 09:56:10,406,tie_silencer,empire,7,2,7,5,Concord Dawn
2024-07-11 09:56:09,407,tie_silencer,empire,4,4,3,9,Troiken
2024-07-11 09:56:08,408,unknown,resistance,5,6,5,4,Iktotch
2024-07-11 09:56:07,409,tie_silencer,empire,9,5,10,8,Socorro
2024-07-11 09:56:06,410,resistance_soldier,resistance,10,4,3,9,Troiken
2024-07-11 09:56:05,411,tie_fighter,empire,7,2,9,7,Iridonia
2024-07-11 09:56:04,412,tie_silencer,empire,4,9,1,8,Muunilinst
2024-07-11 09:56:03,413,stormtrooper,empire,6,7,6,5,Serenno
2024-07-11 09:56:02,414,resistance_soldier,empire,5,10,10,4,Bestine IV
2024-07-11 09:56:01,415,unknown,empire,4,9,1,6,Iktotch
2024-07-11 09:56:00,416,x-wing,empire,6,9,6,4,Chandrila
2024-07-11 09:55:59,417,resistance_soldier,resistance,6,8,2,9,Stewjon
2024-07-11 09:55:58,418,unknown,empire,5,5,5,10,Mirial
2024-07-11 09:55:57,419,stormtrooper,empire,3,3,2,9,Malastare
2024-07-11 09:55:56,420,at-at,empire,2,4,5,5,Corellia
2024-07-11 09:55:55,421,stormtrooper,empire,2,7,4,10,Eriadu
2024-07-11 09:55:54,422,at-at,empire,8,4,8,3,Iktotch
2024-07-11 09:55:53,423,at-at,empire,1,5,10,6,Skako
2024-07-11 09:55:52,424,at-st,empire,1,3,7,8,Concord Dawn
2024-07-11 09:55:51,425,tie_fighter,empire,9,4,4,3,Alderaan
2024-07-11 09:55:50,426,resistance_soldier,resistance,5,10,5,7,Troiken
2024-07-11 09:55:49,427,tie_fighter,empire,9,7,3,10,Trandosha
2024-07-11 09:55:48,428,x-wing,resistance,6,10,1,7,Mirial
2024-07-11 09:55:47,429,at-at,empire,2,3,9,3,Ryloth
2024-07-11 09:55:46,430,stormtrooper,empire,9,10,7,7,Troiken
2024-07-11 09:55:45,431,unknown,resistance,7,8,10,4,Champala
2024-07-11 09:55:44,432,tie_fighter,empire,9,5,8,3,Tund
2024-07-11 09:55:43,433,at-at,empire,9,7,10,3,Glee Anselm
2024-07-11 09:55:42,434,x-wing,resistance,8,9,3,4,Socorro
2024-07-11 09:55:41,435,unknown,empire,7,6,8,10,Mon Cala
2024-07-11 09:55:40,436,unknown,resistance,2,8,6,10,Bestine IV
2024-07-11 09:55:39,437,tie_fighter,empire,6,2,9,6,Malastare
2024-07-11 09:55:38,438,tie_silencer,empire,2,5,3,5,Ryloth
2024-07-11 09:55:37,439,tie_fighter,empire,7,9,9,6,Bestine IV
2024-07-11 09:55:36,440,tie_fighter,empire,7,9,7,8,Ojom
2024-07-11 09:55:35,441,tie_silencer,empire,4,5,1,2,Cerea
2024-07-11 09:55:34,442,at-at,empire,6,5,5,7,Sullust
2024-07-11 09:55:33,443,x-wing,resistance,9,10,6,10,Iridonia
2024-07-11 09:55:32,444,resistance_soldier,resistance,4,4,10,1,Champala
2024-07-11 09:55:31,445,unknown,resistance,2,7,9,9,Kashyyyk
2024-07-11 09:55:30,446,tie_silencer,empire,4,3,9,8,Mon Cala
2024-07-11 09:55:29,447,unknown,empire,6,10,5,5,Toydaria
2024-07-11 09:55:28,448,x-wing,empire,5,6,6,8,Champala
2024-07-11 09:55:27,449,tie_fighter,empire,8,4,2,3,Socorro
2024-07-11 09:55:26,450,unknown,resistance,10,4,8,2,Chandrila
2024-07-11 09:55:25,451,resistance_soldier,resistance,6,2,3,1,Aleen Minor
2024-07-11 09:55:24,452,x-wing,empire,1,4,4,1,Ryloth
2024-07-11 09:55:23,453,tie_fighter,resistance,5,6,9,1,Mon Cala
2024-07-11 09:55:22,454,at-st,empire,6,9,9,4,Chandrila
2024-07-11 09:55:21,455,at-st,empire,7,9,6,5,Eriadu
2024-07-11 09:55:20,456,resistance_soldier,resistance,9,9,6,3,Ojom
2024-07-11 09:55:19,457,unknown,resistance,4,5,7,7,Dagobah
2024-07-11 09:55:18,458,stormtrooper,empire,3,9,7,7,Dathomir
2024-07-11 09:55:17,459,tie_silencer,empire,1,10,1,1,Mon Cala
2024-07-11 09:55:16,460,resistance_soldier,resistance,7,5,9,9,Tholoth
2024-07-11 09:55:15,461,tie_fighter,empire,4,2,3,2,Cerea
2024-07-11 09:55:14,462,unknown,empire,3,1,6,1,Troiken
2024-07-11 09:55:13,463,resistance_soldier,resistance,2,1,4,5,Rodia
2024-07-11 09:55:12,464,tie_silencer,empire,4,1,4,6,Corellia
2024-07-11 09:55:11,465,x-wing,resistance,1,7,9,9,Rodia
2024-07-11 09:55:10,466,resistance_soldier,resistance,4,2,8,9,Concord Dawn
2024-07-11 09:55:09,467,at-st,empire,6,3,6,8,Alderaan
2024-07-11 09:55:08,468,unknown,empire,2,7,2,2,Haruun Kal
2024-07-11 09:55:07,469,at-at,resistance,3,10,9,4,Naboo
2024-07-11 09:55:06,470,at-st,empire,5,9,5,7,Dagobah
2024-07-11 09:55:05,471,at-st,empire,3,7,10,5,Tund
2024-07-11 09:55:04,472,resistance_soldier,resistance,9,5,7,2,Muunilinst
2024-07-11 09:55:03,473,at-at,empire,5,9,9,2,Kashyyyk
2024-07-11 09:55:02,474,unknown,empire,9,8,8,1,Tund
2024-07-11 09:55:01,475,stormtrooper,empire,10,10,2,4,Mirial
2024-07-11 09:55:00,476,x-wing,resistance,1,9,10,10,Bestine IV
2024-07-11 09:54:59,477,tie_fighter,empire,6,10,4,3,Quermia
2024-07-11 09:54:58,478,x-wing,empire,7,7,2,1,Tund
2024-07-11 09:54:57,479,stormtrooper,empire,2,3,9,2,Chandrila
2024-07-11 09:54:56,480,tie_silencer,empire,2,5,5,6,Shili
2024-07-11 09:54:55,481,at-st,empire,6,7,3,9,Tund
2024-07-11 09:54:54,482,unknown,resistance,9,5,3,3,Kashyyyk
2024-07-11 09:54:53,483,at-at,empire,3,9,6,8,Tatooine
2024-07-11 09:54:52,484,stormtrooper,empire,8,5,5,2,Serenno
2024-07-11 09:54:51,485,at-st,empire,3,5,10,6,Corellia
2024-07-11 09:54:50,486,tie_fighter,empire,8,7,9,7,Chandrila
2024-07-11 09:54:49,487,resistance_soldier,resistance,6,3,10,2,Quermia
2024-07-11 09:54:48,488,tie_fighter,empire,2,3,2,4,Malastare
2024-07-11 09:54:47,489,unknown,resistance,5,2,6,6,Dagobah
2024-07-11 09:54:46,490,tie_fighter,empire,6,1,10,9,Ryloth
2024-07-11 09:54:45,491,tie_silencer,empire,8,6,10,2,Zolan
2024-07-11 09:54:44,492,tie_silencer,empire,4,10,1,5,Socorro
2024-07-11 09:54:43,493,tie_fighter,empire,10,4,3,7,Quermia
2024-07-11 09:54:42,494,unknown,resistance,4,7,3,3,Vulpter
2024-07-11 09:54:41,495,unknown,resistance,5,7,4,8,Zolan
2024-07-11 09:54:40,496,stormtrooper,empire,2,8,10,2,Stewjon
2024-07-11 09:54:39,497,x-wing,resistance,5,4,4,6,Chandrila
2024-07-11 09:54:38,498,unknown,resistance,3,5,4,2,Quermia
2024-07-11 09:54:37,499,resistance_soldier,resistance,8,5,4,7,Troiken
2024-07-11 09:54:36,500,x-wing,resistance,10,2,1,5,Bestine IV
2024-07-11 09:54:35,501,at-st,empire,3,8,4,2,Kashyyyk
2024-07-11 09:54:34,502,resistance_soldier,resistance,7,8,10,2,Kashyyyk
2024-07-11 09:54:33,503,tie_fighter,empire,8,4,5,5,Corellia
2024-07-11 09:54:32,504,at-at,resistance,3,2,8,4,Quermia
2024-07-11 09:54:31,505,at-at,empire,7,4,9,7,Tholoth
2024-07-11 09:54:30,506,x-wing,empire,10,8,2,1,Chandrila
2024-07-11 09:54:29,507,at-st,empire,4,7,4,8,Stewjon
2024-07-11 09:54:28,508,at-st,empire,2,10,9,8,Shili
2024-07-11 09:54:27,509,at-st,empire,7,5,4,9,Eriadu
2024-07-11 09:54:26,510,tie_fighter,empire,8,5,10,4,Troiken
2024-07-11 09:54:25,511,stormtrooper,empire,7,4,9,1,Zolan
2024-07-11 09:54:24,512,resistance_soldier,resistance,10,6,9,7,Dathomir
2024-07-11 09:54:23,513,stormtrooper,empire,8,10,3,5,Corellia
2024-07-11 09:54:22,514,x-wing,resistance,7,1,2,6,Concord Dawn
2024-07-11 09:54:21,515,tie_fighter,empire,8,7,6,7,Malastare
2024-07-11 09:54:20,516,resistance_soldier,resistance,1,1,2,3,Dagobah
2024-07-11 09:54:19,517,resistance_soldier,resistance,8,7,1,10,Iktotch
2024-07-11 09:54:18,518,tie_fighter,empire,2,5,6,2,Mirial
2024-07-11 09:54:17,519,unknown,resistance,5,6,5,3,Tund
2024-07-11 09:54:16,520,stormtrooper,empire,6,1,4,7,Rodia
2024-07-11 09:54:15,521,at-at,empire,9,4,5,7,Dathomir
2024-07-11 09:54:14,522,resistance_soldier,resistance,6,10,10,4,Serenno
2024-07-11 09:54:13,523,stormtrooper,empire,2,3,4,8,Skako
2024-07-11 09:54:12,524,tie_silencer,empire,7,9,6,2,Shili
2024-07-11 09:54:11,525,resistance_soldier,resistance,4,5,7,4,Mon Cala
2024-07-11 09:54:10,526,unknown,empire,10,5,10,3,Bestine IV
2024-07-11 09:54:09,527,tie_fighter,empire,4,9,9,8,Eriadu
2024-07-11 09:54:08,528,tie_silencer,empire,1,10,8,9,Haruun Kal
2024-07-11 09:54:07,529,x-wing,empire,2,10,7,4,Alderaan
2024-07-11 09:54:06,530,at-st,empire,10,7,7,4,Chandrila
2024-07-11 09:54:05,531,at-at,empire,8,8,5,1,Aleen Minor
2024-07-11 09:54:04,532,unknown,resistance,5,7,4,3,Iridonia
2024-07-11 09:54:03,533,resistance_soldier,resistance,4,5,9,9,Muunilinst
2024-07-11 09:54:02,534,at-st,empire,8,10,9,9,Muunilinst
2024-07-11 09:54:01,535,tie_fighter,empire,3,3,8,2,Vulpter
2024-07-11 09:54:00,536,tie_silencer,empire,9,6,10,4,Umbara
2024-07-11 09:53:59,537,resistance_soldier,resistance,2,6,2,9,Tholoth
2024-07-11 09:53:58,538,tie_silencer,empire,10,7,4,9,Skako
2024-07-11 09:53:57,539,resistance_soldier,resistance,7,8,3,5,Naboo
2024-07-11 09:53:56,540,tie_fighter,empire,7,8,2,2,Toydaria
2024-07-11 09:53:55,541,stormtrooper,empire,5,1,7,4,Troiken
2024-07-11 09:53:54,542,at-st,empire,8,6,10,6,Kalee
2024-07-11 09:53:53,543,at-st,empire,6,7,1,8,Cerea
2024-07-11 09:53:52,544,stormtrooper,empire,7,10,8,10,Skako
2024-07-11 09:53:51,545,tie_silencer,empire,7,2,4,6,Cerea
2024-07-11 09:53:50,546,at-at,empire,6,1,1,3,Concord Dawn
2024-07-11 09:53:49,547,x-wing,resistance,3,3,7,9,Skako
2024-07-11 09:53:48,548,tie_silencer,empire,8,3,3,5,Concord Dawn
2024-07-11 09:53:47,549,unknown,resistance,1,9,9,6,Vulpter
2024-07-11 09:53:46,550,stormtrooper,empire,1,10,3,10,Kalee
2024-07-11 09:53:45,551,tie_fighter,empire,4,8,8,8,Kalee
2024-07-11 09:53:44,552,tie_fighter,empire,8,9,2,7,Haruun Kal
2024-07-11 09:53:43,553,tie_fighter,empire,5,9,4,8,Champala
2024-07-11 09:53:42,554,resistance_soldier,resistance,5,7,1,3,Dathomir
2024-07-11 09:53:41,555,tie_silencer,empire,9,8,3,2,Sullust
2024-07-11 09:53:40,556,unknown,empire,10,3,9,6,Malastare
2024-07-11 09:53:39,557,tie_silencer,empire,2,1,7,9,Corellia
2024-07-11 09:53:38,558,unknown,empire,8,9,10,4,Kashyyyk
2024-07-11 09:53:37,559,x-wing,resistance,3,1,9,1,Tholoth
2024-07-11 09:53:36,560,resistance_soldier,resistance,9,9,1,2,Ryloth
2024-07-11 09:53:35,561,stormtrooper,empire,8,10,2,5,Glee Anselm
2024-07-11 09:53:34,562,tie_fighter,empire,10,9,8,3,Toydaria
2024-07-11 09:53:33,563,tie_fighter,empire,6,6,7,3,Naboo
2024-07-11 09:53:32,564,tie_silencer,empire,4,3,9,4,Serenno
2024-07-11 09:53:31,565,resistance_soldier,resistance,3,7,9,3,Tund
2024-07-11 09:53:30,566,resistance_soldier,resistance,4,7,6,2,Mirial
2024-07-11 09:53:29,567,x-wing,resistance,10,2,1,5,Glee Anselm
2024-07-11 09:53:28,568,at-at,empire,9,9,3,4,Shili
2024-07-11 09:53:27,569,tie_silencer,empire,7,8,5,4,Haruun Kal
2024-07-11 09:53:26,570,stormtrooper,resistance,8,8,3,1,Aleen Minor
2024-07-11 09:53:25,571,at-at,empire,3,8,5,3,Tholoth
2024-07-11 09:53:24,572,tie_silencer,empire,7,7,3,8,Tatooine
2024-07-11 09:53:23,573,tie_fighter,empire,6,4,10,2,Aleen Minor
2024-07-11 09:53:22,574,stormtrooper,empire,9,4,10,3,Alderaan
2024-07-11 09:53:21,575,stormtrooper,empire,6,7,5,6,Malastare
2024-07-11 09:53:20,576,at-st,empire,4,2,1,8,Trandosha
2024-07-11 09:53:19,577,at-at,empire,1,1,3,4,Iktotch
2024-07-11 09:53:18,578,x-wing,empire,10,9,6,1,Dorin
2024-07-11 09:53:17,579,x-wing,resistance,7,1,7,1,Dorin
2024-07-11 09:53:16,580,unknown,resistance,5,3,6,4,Cerea
2024-07-11 09:53:15,581,unknown,resistance,5,3,10,8,Bestine IV
2024-07-11 09:53:14,582,x-wing,empire,6,2,2,2,Mirial
2024-07-11 09:53:13,583,unknown,empire,8,7,7,8,Rodia
2024-07-11 09:53:12,584,tie_silencer,empire,6,2,4,8,Chandrila
2024-07-11 09:53:11,585,x-wing,resistance,8,3,1,5,Tatooine
2024-07-11 09:53:10,586,at-st,empire,3,5,2,5,Dagobah
2024-07-11 09:53:09,587,stormtrooper,empire,9,10,7,2,Troiken
2024-07-11 09:53:08,588,stormtrooper,empire,10,5,5,6,Dorin
2024-07-11 09:53:07,589,at-at,empire,10,4,5,5,Kalee
2024-07-11 09:53:06,590,at-at,empire,7,10,10,4,Stewjon
2024-07-11 09:53:05,591,at-st,resistance,1,9,9,6,Ryloth
2024-07-11 09:53:04,592,tie_fighter,empire,7,3,7,2,Dathomir
2024-07-11 09:53:03,593,at-st,resistance,1,8,2,3,Mon Cala
2024-07-11 09:53:02,594,x-wing,resistance,1,7,7,8,Stewjon
2024-07-11 09:53:01,595,tie_fighter,empire,6,7,4,6,Chandrila
2024-07-11 09:53:00,596,x-wing,resistance,7,6,2,4,Kashyyyk
2024-07-11 09:52:59,597,at-at,empire,6,8,8,4,Dathomir
2024-07-11 09:52:58,598,at-at,empire,7,8,9,1,Dorin
2024-07-11 09:52:57,599,tie_silencer,empire,4,10,10,9,Shili
2024-07-11 09:52:56,600,unknown,empire,7,9,5,10,Socorro
2024-07-11 09:52:55,601,tie_silencer,empire,8,8,1,7,Cerea
2024-07-11 09:52:54,602,at-at,empire,9,9,7,2,Kalee
2024-07-11 09:52:53,603,tie_fighter,empire,10,5,10,2,Socorro
2024-07-11 09:52:52,604,at-st,empire,10,10,3,10,Malastare
2024-07-11 09:52:51,605,stormtrooper,empire,6,7,3,7,Shili
2024-07-11 09:52:50,606,tie_fighter,empire,6,9,10,9,Naboo
2024-07-11 09:52:49,607,at-at,empire,7,10,2,8,Quermia
2024-07-11 09:52:48,608,tie_fighter,resistance,5,6,1,5,Vulpter
2024-07-11 09:52:47,609,stormtrooper,empire,6,7,1,3,Kashyyyk
2024-07-11 09:52:46,610,unknown,resistance,10,2,1,7,Dathomir
2024-07-11 09:52:45,611,resistance_soldier,resistance,4,4,9,9,Glee Anselm
2024-07-11 09:52:44,612,unknown,resistance,5,8,10,1,Umbara
2024-07-11 09:52:43,613,x-wing,resistance,6,3,8,6,Malastare
2024-07-11 09:52:42,614,tie_silencer,empire,7,3,1,1,Eriadu
2024-07-11 09:52:41,615,resistance_soldier,resistance,6,3,1,7,Iktotch
2024-07-11 09:52:40,616,resistance_soldier,resistance,8,4,6,6,Dorin
2024-07-11 09:52:39,617,unknown,resistance,9,7,1,4,Cerea
2024-07-11 09:52:38,618,unknown,empire,6,3,1,1,Mirial
2024-07-11 09:52:37,619,stormtrooper,empire,6,7,7,2,Ryloth
2024-07-11 09:52:36,620,x-wing,resistance,6,4,6,3,Iktotch
2024-07-11 09:52:35,621,at-st,empire,9,10,3,10,Corellia
2024-07-11 09:52:34,622,at-st,empire,7,9,9,1,Haruun Kal
2024-07-11 09:52:33,623,tie_fighter,empire,8,7,4,8,Vulpter
2024-07-11 09:52:32,624,stormtrooper,resistance,8,2,9,8,Chandrila
2024-07-11 09:52:31,625,stormtrooper,empire,7,8,2,5,Champala
2024-07-11 09:52:30,626,at-at,empire,4,7,4,5,Naboo
2024-07-11 09:52:29,627,stormtrooper,empire,10,2,1,3,Aleen Minor
2024-07-11 09:52:28,628,tie_fighter,empire,4,8,9,9,Champala
2024-07-11 09:52:27,629,at-st,empire,1,2,8,4,Tholoth
2024-07-11 09:52:26,630,tie_fighter,empire,2,10,10,4,Quermia
2024-07-11 09:52:25,631,tie_silencer,empire,9,3,2,5,Chandrila
2024-07-11 09:52:24,632,resistance_soldier,resistance,1,6,6,10,Muunilinst
2024-07-11 09:52:23,633,at-st,empire,7,4,2,3,Kashyyyk
2024-07-11 09:52:22,634,at-st,empire,5,2,7,7,Champala
2024-07-11 09:52:21,635,stormtrooper,empire,9,3,4,5,Chandrila
2024-07-11 09:52:20,636,tie_fighter,empire,9,7,10,1,Socorro
2024-07-11 09:52:19,637,at-at,empire,3,1,9,3,Champala
2024-07-11 09:52:18,638,at-at,resistance,3,3,4,3,Shili
2024-07-11 09:52:17,639,unknown,resistance,7,2,5,7,Concord Dawn
2024-07-11 09:52:16,640,stormtrooper,empire,4,8,8,5,Chandrila
2024-07-11 09:52:15,641,at-st,resistance,7,3,2,3,Serenno
2024-07-11 09:52:14,642,at-at,empire,6,1,1,9,Sullust
2024-07-11 09:52:13,643,tie_fighter,resistance,5,10,10,2,Stewjon
2024-07-11 09:52:12,644,at-st,empire,7,2,7,6,Ryloth
2024-07-11 09:52:11,645,x-wing,resistance,6,3,5,1,Kashyyyk
2024-07-11 09:52:10,646,x-wing,resistance,2,7,3,1,Dorin
2024-07-11 09:52:09,647,resistance_soldier,resistance,10,5,7,4,Chandrila
2024-07-11 09:52:08,648,stormtrooper,empire,2,8,3,1,Kashyyyk
2024-07-11 09:52:07,649,tie_silencer,empire,8,8,2,7,Eriadu
2024-07-11 09:52:06,650,tie_silencer,empire,7,1,4,8,Shili
2024-07-11 09:52:05,651,stormtrooper,empire,9,2,4,2,Muunilinst
2024-07-11 09:52:04,652,unknown,resistance,10,5,10,8,Dathomir
2024-07-11 09:52:03,653,resistance_soldier,resistance,6,1,6,3,Serenno
2024-07-11 09:52:02,654,unknown,empire,2,4,2,7,Sullust
2024-07-11 09:52:01,655,at-st,empire,4,7,1,2,Umbara
2024-07-11 09:52:00,656,unknown,resistance,8,6,4,8,Alderaan
2024-07-11 09:51:59,657,x-wing,resistance,3,5,2,2,Dathomir
2024-07-11 09:51:58,658,tie_fighter,empire,5,3,3,4,Cerea
2024-07-11 09:51:57,659,at-st,resistance,9,6,2,4,Skako
2024-07-11 09:51:56,660,resistance_soldier,resistance,5,8,10,2,Mon Cala
2024-07-11 09:51:55,661,resistance_soldier,empire,2,1,9,10,Serenno
2024-07-11 09:51:54,662,x-wing,resistance,10,7,8,4,Rodia
2024-07-11 09:51:53,663,stormtrooper,empire,4,9,2,5,Tund
2024-07-11 09:51:52,664,unknown,empire,7,6,7,6,Tund
2024-07-11 09:51:51,665,x-wing,resistance,5,1,2,5,Tholoth
2024-07-11 09:51:50,666,x-wing,resistance,1,7,1,5,Haruun Kal
2024-07-11 09:51:49,667,tie_fighter,resistance,2,5,1,7,Umbara
2024-07-11 09:51:48,668,tie_fighter,empire,4,10,8,5,Dathomir
2024-07-11 09:51:47,669,x-wing,resistance,1,5,8,10,Ojom
2024-07-11 09:51:46,670,tie_fighter,empire,5,4,9,10,Skako
2024-07-11 09:51:45,671,x-wing,resistance,4,8,9,7,Serenno
2024-07-11 09:51:44,672,tie_silencer,empire,6,2,3,8,Ryloth
2024-07-11 09:51:43,673,unknown,empire,10,8,10,3,Champala
2024-07-11 09:51:42,674,at-at,empire,3,7,9,9,Malastare
2024-07-11 09:51:41,675,at-st,empire,6,1,8,8,Kashyyyk
2024-07-11 09:51:40,676,at-at,empire,10,10,8,9,Bestine IV
2024-07-11 09:51:39,677,tie_silencer,empire,3,8,8,1,Troiken
2024-07-11 09:51:38,678,at-st,empire,10,2,1,6,Rodia
2024-07-11 09:51:37,679,at-st,empire,6,5,8,5,Muunilinst
2024-07-11 09:51:36,680,unknown,empire,7,6,5,6,Tund
2024-07-11 09:51:35,681,tie_fighter,empire,4,8,3,5,Quermia
2024-07-11 09:51:34,682,unknown,resistance,4,9,5,2,Concord Dawn
2024-07-11 09:51:33,683,x-wing,resistance,5,8,7,1,Dorin
2024-07-11 09:51:32,684,tie_fighter,empire,8,4,10,4,Chandrila
2024-07-11 09:51:31,685,at-at,empire,10,9,1,2,Toydaria
2024-07-11 09:51:30,686,x-wing,resistance,7,9,4,5,Vulpter
2024-07-11 09:51:29,687,unknown,empire,4,3,8,10,Umbara
2024-07-11 09:51:28,688,stormtrooper,empire,7,2,9,6,Quermia
2024-07-11 09:51:27,689,at-st,empire,3,3,3,9,Socorro
2024-07-11 09:51:26,690,resistance_soldier,resistance,7,7,4,3,Kashyyyk
2024-07-11 09:51:25,691,x-wing,resistance,8,1,5,6,Stewjon
2024-07-11 09:51:24,692,resistance_soldier,resistance,7,3,6,10,Serenno
2024-07-11 09:51:23,693,stormtrooper,empire,6,5,5,1,Aleen Minor
2024-07-11 09:51:22,694,resistance_soldier,resistance,7,8,8,7,Socorro
2024-07-11 09:51:21,695,stormtrooper,resistance,1,3,10,6,Cerea
2024-07-11 09:51:20,696,at-at,empire,10,3,1,10,Quermia
2024-07-11 09:51:19,697,at-st,empire,9,6,2,6,Concord Dawn
2024-07-11 09:51:18,698,stormtrooper,empire,9,9,8,4,Cerea
2024-07-11 09:51:17,699,at-st,empire,2,9,4,4,Tatooine
2024-07-11 09:51:16,700,at-st,empire,6,9,4,1,Vulpter
2024-07-11 09:51:15,701,tie_fighter,empire,7,2,3,2,Mirial
2024-07-11 09:51:14,702,at-at,resistance,8,9,2,10,Concord Dawn
2024-07-11 09:51:13,703,stormtrooper,empire,5,9,9,1,Dagobah
2024-07-11 09:51:12,704,at-at,empire,8,1,10,3,Troiken
2024-07-11 09:51:11,705,x-wing,resistance,2,7,6,5,Rodia
2024-07-11 09:51:10,706,tie_silencer,empire,1,10,10,8,Bestine IV
2024-07-11 09:51:09,707,x-wing,resistance,2,3,3,4,Rodia
2024-07-11 09:51:08,708,x-wing,resistance,4,6,6,7,Dagobah
2024-07-11 09:51:07,709,at-at,empire,1,7,4,8,Dathomir
2024-07-11 09:51:06,710,at-at,empire,2,5,4,1,Muunilinst
2024-07-11 09:51:05,711,unknown,empire,5,5,3,10,Iridonia
2024-07-11 09:51:04,712,x-wing,resistance,4,9,7,1,Umbara
2024-07-11 09:51:03,713,tie_silencer,empire,3,7,2,1,Ojom
2024-07-11 09:51:02,714,tie_silencer,empire,8,10,5,4,Muunilinst
2024-07-11 09:51:01,715,at-st,empire,4,8,6,9,Toydaria
2024-07-11 09:51:00,716,x-wing,empire,7,4,3,4,Dagobah
2024-07-11 09:50:59,717,resistance_soldier,resistance,10,1,9,9,Iridonia
2024-07-11 09:50:58,718,x-wing,resistance,6,6,4,7,Serenno
2024-07-11 09:50:57,719,unknown,empire,1,1,10,4,Eriadu
2024-07-11 09:50:56,720,resistance_soldier,resistance,8,1,2,9,Kalee
2024-07-11 09:50:55,721,tie_silencer,empire,4,1,10,9,Kalee
2024-07-11 09:50:54,722,tie_silencer,empire,1,6,7,7,Quermia
2024-07-11 09:50:53,723,unknown,resistance,3,3,7,4,Rodia
2024-07-11 09:50:52,724,tie_silencer,empire,4,1,7,7,Stewjon
2024-07-11 09:50:51,725,at-st,empire,1,8,4,6,Muunilinst
2024-07-11 09:50:50,726,unknown,resistance,6,3,7,5,Dorin
2024-07-11 09:50:49,727,tie_fighter,empire,7,7,4,7,Aleen Minor
2024-07-11 09:50:48,728,unknown,empire,3,6,1,4,Kalee
2024-07-11 09:50:47,729,at-st,empire,10,4,4,4,Cerea
2024-07-11 09:50:46,730,tie_fighter,empire,3,4,4,8,Vulpter
2024-07-11 09:50:45,731,at-st,empire,1,7,8,7,Tholoth
2024-07-11 09:50:44,732,at-st,empire,9,2,7,5,Dorin
2024-07-11 09:50:43,733,at-at,empire,3,3,8,3,Umbara
2024-07-11 09:50:42,734,resistance_soldier,resistance,4,5,7,10,Vulpter
2024-07-11 09:50:41,735,stormtrooper,empire,3,9,10,7,Malastare
2024-07-11 09:50:40,736,tie_fighter,empire,3,4,1,9,Eriadu
2024-07-11 09:50:39,737,at-st,empire,1,1,9,2,Tund
2024-07-11 09:50:38,738,tie_silencer,empire,4,4,2,2,Malastare
2024-07-11 09:50:37,739,resistance_soldier,resistance,4,1,5,1,Shili
2024-07-11 09:50:36,740,resistance_soldier,resistance,6,1,5,2,Ojom
2024-07-11 09:50:35,741,at-st,empire,1,7,5,9,Eriadu
2024-07-11 09:50:34,742,unknown,resistance,5,8,7,9,Dathomir
2024-07-11 09:50:33,743,x-wing,empire,8,2,8,2,Glee Anselm
2024-07-11 09:50:32,744,tie_silencer,empire,6,2,2,3,Troiken
2024-07-11 09:50:31,745,resistance_soldier,resistance,10,3,8,5,Quermia
2024-07-11 09:50:30,746,unknown,empire,6,8,9,1,Tholoth
2024-07-11 09:50:29,747,at-st,empire,9,8,1,2,Quermia
2024-07-11 09:50:28,748,tie_silencer,empire,10,6,2,9,Champala
2024-07-11 09:50:27,749,tie_silencer,empire,8,7,10,3,Dagobah
2024-07-11 09:50:26,750,at-at,empire,2,1,4,9,Ryloth
2024-07-11 09:50:25,751,resistance_soldier,empire,7,8,6,9,Sullust
2024-07-11 09:50:24,752,tie_silencer,empire,4,8,5,8,Sullust
2024-07-11 09:50:23,753,stormtrooper,empire,7,1,7,3,Iktotch
2024-07-11 09:50:22,754,at-st,empire,4,8,9,7,Aleen Minor
2024-07-11 09:50:21,755,x-wing,resistance,8,1,3,3,Naboo
2024-07-11 09:50:20,756,x-wing,empire,2,2,3,10,Vulpter
2024-07-11 09:50:19,757,stormtrooper,empire,5,7,7,10,Glee Anselm
2024-07-11 09:50:18,758,tie_fighter,resistance,4,10,2,2,Haruun Kal
2024-07-11 09:50:17,759,stormtrooper,empire,4,2,8,10,Rodia
2024-07-11 09:50:16,760,at-at,resistance,9,4,2,5,Skako
2024-07-11 09:50:15,761,x-wing,resistance,9,8,7,5,Shili
2024-07-11 09:50:14,762,tie_silencer,empire,3,2,9,5,Muunilinst
2024-07-11 09:50:13,763,x-wing,resistance,10,7,4,5,Stewjon
2024-07-11 09:50:12,764,tie_silencer,empire,10,1,10,9,Dagobah
2024-07-11 09:50:11,765,tie_silencer,empire,5,5,7,5,Ryloth
2024-07-11 09:50:10,766,at-st,resistance,10,8,9,1,Iridonia
2024-07-11 09:50:09,767,at-st,resistance,9,5,3,7,Concord Dawn
2024-07-11 09:50:08,768,tie_silencer,empire,2,7,10,3,Troiken
2024-07-11 09:50:07,769,stormtrooper,empire,2,5,9,8,Toydaria
2024-07-11 09:50:06,770,unknown,empire,6,10,10,7,Aleen Minor
2024-07-11 09:50:05,771,at-st,empire,10,4,10,7,Ryloth
2024-07-11 09:50:04,772,at-at,empire,2,8,5,6,Socorro
2024-07-11 09:50:03,773,at-at,empire,4,3,6,3,Kalee
2024-07-11 09:50:02,774,x-wing,resistance,4,8,8,8,Vulpter
2024-07-11 09:50:01,775,unknown,resistance,8,5,8,2,Naboo
2024-07-11 09:50:00,776,stormtrooper,empire,8,3,7,1,Glee Anselm
2024-07-11 09:49:59,777,tie_fighter,resistance,6,6,8,1,Dagobah
2024-07-11 09:49:58,778,resistance_soldier,resistance,5,1,5,10,Aleen Minor
2024-07-11 09:49:57,779,tie_silencer,empire,7,5,4,3,Quermia
2024-07-11 09:49:56,780,unknown,resistance,5,1,3,4,Skako
2024-07-11 09:49:55,781,at-at,resistance,6,6,9,9,Ojom
2024-07-11 09:49:54,782,unknown,empire,2,8,6,2,Aleen Minor
2024-07-11 09:49:53,783,at-at,empire,2,3,9,7,Ryloth
2024-07-11 09:49:52,784,unknown,resistance,4,9,10,4,Sullust
2024-07-11 09:49:51,785,tie_fighter,empire,3,9,8,1,Dagobah
2024-07-11 09:49:50,786,x-wing,resistance,3,10,1,10,Troiken
2024-07-11 09:49:49,787,at-at,empire,10,1,7,9,Vulpter
2024-07-11 09:49:48,788,tie_fighter,empire,1,8,7,4,Mon Cala
2024-07-11 09:49:47,789,at-st,empire,1,4,2,8,Ryloth
2024-07-11 09:49:46,790,tie_silencer,empire,4,9,7,10,Malastare
2024-07-11 09:49:45,791,resistance_soldier,resistance,9,1,6,6,Mirial
2024-07-11 09:49:44,792,x-wing,resistance,1,1,3,5,Muunilinst
2024-07-11 09:49:43,793,resistance_soldier,resistance,9,6,9,4,Eriadu
2024-07-11 09:49:42,794,tie_fighter,empire,2,1,4,8,Toydaria
2024-07-11 09:49:41,795,tie_fighter,empire,10,3,1,3,Quermia
2024-07-11 09:49:40,796,stormtrooper,empire,3,5,7,5,Mon Cala
2024-07-11 09:49:39,797,tie_fighter,empire,1,3,7,1,Toydaria
2024-07-11 09:49:38,798,tie_fighter,empire,6,6,10,9,Cerea
2024-07-11 09:49:37,799,tie_silencer,empire,7,7,1,3,Kashyyyk
2024-07-11 09:49:36,800,unknown,resistance,10,2,7,6,Dathomir
2024-07-11 09:49:35,801,x-wing,resistance,8,8,7,9,Quermia
2024-07-11 09:49:34,802,unknown,empire,7,4,10,9,Ryloth
2024-07-11 09:49:33,803,x-wing,empire,5,3,5,2,Shili
2024-07-11 09:49:32,804,stormtrooper,empire,9,1,3,10,Malastare
2024-07-11 09:49:31,805,at-st,empire,1,2,7,1,Corellia
2024-07-11 09:49:30,806,stormtrooper,empire,10,9,8,2,Zolan
2024-07-11 09:49:29,807,tie_fighter,empire,7,2,6,5,Malastare
2024-07-11 09:49:28,808,at-at,empire,1,3,5,5,Dorin
2024-07-11 09:49:27,809,tie_fighter,empire,4,7,3,7,Naboo
2024-07-11 09:49:26,810,unknown,resistance,1,5,5,7,Toydaria
2024-07-11 09:49:25,811,at-at,empire,9,2,1,10,Sullust
2024-07-11 09:49:24,812,tie_silencer,empire,5,8,10,4,Tund
2024-07-11 09:49:23,813,unknown,empire,8,2,5,5,Dathomir
2024-07-11 09:49:22,814,at-at,empire,1,7,1,1,Dorin
2024-07-11 09:49:21,815,unknown,resistance,3,1,5,3,Tund
2024-07-11 09:49:20,816,tie_silencer,empire,6,10,7,9,Vulpter
2024-07-11 09:49:19,817,tie_fighter,empire,4,7,2,5,Umbara
2024-07-11 09:49:18,818,tie_fighter,empire,10,6,2,2,Malastare
2024-07-11 09:49:17,819,stormtrooper,empire,9,4,7,4,Quermia
2024-07-11 09:49:16,820,unknown,empire,4,5,6,6,Malastare
2024-07-11 09:49:15,821,stormtrooper,empire,5,10,3,5,Glee Anselm
2024-07-11 09:49:14,822,at-at,empire,7,3,8,1,Ojom
2024-07-11 09:49:13,823,at-st,empire,5,10,4,3,Aleen Minor
2024-07-11 09:49:12,824,unknown,empire,3,3,1,3,Cerea
2024-07-11 09:49:11,825,tie_fighter,empire,4,2,3,2,Alderaan
2024-07-11 09:49:10,826,resistance_soldier,resistance,6,10,7,6,Rodia
2024-07-11 09:49:09,827,tie_fighter,empire,9,8,3,6,Tund
2024-07-11 09:49:08,828,x-wing,resistance,6,9,4,8,Dorin
2024-07-11 09:49:07,829,tie_silencer,empire,1,2,10,1,Eriadu
2024-07-11 09:49:06,830,resistance_soldier,resistance,2,4,4,2,Glee Anselm
2024-07-11 09:49:05,831,tie_silencer,empire,4,3,4,5,Mirial
2024-07-11 09:49:04,832,at-st,empire,1,7,9,1,Trandosha
2024-07-11 09:49:03,833,tie_fighter,empire,9,5,10,3,Malastare
2024-07-11 09:49:02,834,tie_silencer,empire,3,9,9,10,Aleen Minor
2024-07-11 09:49:01,835,x-wing,resistance,5,4,1,3,Tund
2024-07-11 09:49:00,836,unknown,resistance,3,5,3,10,Haruun Kal
2024-07-11 09:48:59,837,unknown,empire,5,2,9,10,Troiken
2024-07-11 09:48:58,838,tie_fighter,empire,7,6,3,5,Alderaan
2024-07-11 09:48:57,839,unknown,resistance,9,4,4,2,Rodia
2024-07-11 09:48:56,840,x-wing,resistance,5,10,5,1,Rodia
2024-07-11 09:48:55,841,unknown,resistance,6,5,9,6,Naboo
2024-07-11 09:48:54,842,resistance_soldier,resistance,3,8,1,1,Bestine IV
2024-07-11 09:48:53,843,x-wing,empire,6,7,5,6,Ojom
2024-07-11 09:48:52,844,resistance_soldier,resistance,2,10,2,10,Iridonia
2024-07-11 09:48:51,845,tie_fighter,empire,2,1,3,10,Stewjon
2024-07-11 09:48:50,846,stormtrooper,empire,9,9,2,2,Cerea
2024-07-11 09:48:49,847,x-wing,empire,9,5,2,5,Zolan
2024-07-11 09:48:48,848,stormtrooper,empire,7,8,6,5,Alderaan
2024-07-11 09:48:47,849,resistance_soldier,resistance,4,9,7,2,Kashyyyk
2024-07-11 09:48:46,850,tie_fighter,empire,7,3,4,1,Kalee
2024-07-11 09:48:45,851,stormtrooper,empire,10,1,1,1,Alderaan
2024-07-11 09:48:44,852,at-at,empire,7,2,8,9,Kalee
2024-07-11 09:48:43,853,tie_silencer,empire,8,2,5,5,Kalee
2024-07-11 09:48:42,854,x-wing,resistance,6,3,5,8,Haruun Kal
2024-07-11 09:48:41,855,x-wing,resistance,1,6,3,5,Serenno
2024-07-11 09:48:40,856,unknown,resistance,9,9,4,9,Ojom
2024-07-11 09:48:39,857,at-at,empire,2,9,9,9,Mirial
2024-07-11 09:48:38,858,resistance_soldier,resistance,4,3,8,4,Ryloth
2024-07-11 09:48:37,859,resistance_soldier,resistance,4,3,2,9,Sullust
2024-07-11 09:48:36,860,resistance_soldier,resistance,3,4,4,2,Kashyyyk
2024-07-11 09:48:35,861,resistance_soldier,resistance,9,7,3,7,Serenno
2024-07-11 09:48:34,862,stormtrooper,empire,7,8,6,4,Cerea
2024-07-11 09:48:33,863,tie_silencer,empire,4,1,5,2,Sullust
2024-07-11 09:48:32,864,x-wing,empire,6,5,6,9,Quermia
2024-07-11 09:48:31,865,at-st,empire,7,3,1,7,Iktotch
2024-07-11 09:48:30,866,unknown,empire,4,6,1,6,Haruun Kal
2024-07-11 09:48:29,867,unknown,empire,4,6,10,9,Aleen Minor
2024-07-11 09:48:28,868,at-st,empire,6,5,4,3,Vulpter
2024-07-11 09:48:27,869,stormtrooper,empire,6,9,4,5,Serenno
2024-07-11 09:48:26,870,stormtrooper,empire,1,7,7,6,Corellia
2024-07-11 09:48:25,871,unknown,empire,2,2,7,5,Skako
2024-07-11 09:48:24,872,at-st,empire,1,1,10,6,Tholoth
2024-07-11 09:48:23,873,resistance_soldier,resistance,3,5,2,9,Corellia
2024-07-11 09:48:22,874,at-st,resistance,10,6,2,9,Trandosha
2024-07-11 09:48:21,875,resistance_soldier,resistance,7,1,8,4,Muunilinst
2024-07-11 09:48:20,876,stormtrooper,empire,8,7,6,8,Haruun Kal
2024-07-11 09:48:19,877,at-at,empire,7,5,6,5,Muunilinst
2024-07-11 09:48:18,878,tie_fighter,empire,1,10,9,4,Glee Anselm
2024-07-11 09:48:17,879,at-st,empire,2,1,9,10,Zolan
2024-07-11 09:48:16,880,unknown,resistance,1,3,3,3,Iktotch
2024-07-11 09:48:15,881,resistance_soldier,resistance,7,7,8,8,Dorin
2024-07-11 09:48:14,882,unknown,empire,2,3,6,3,Eriadu
2024-07-11 09:48:13,883,stormtrooper,empire,8,8,8,9,Bestine IV
2024-07-11 09:48:12,884,at-at,empire,1,10,1,5,Kashyyyk
2024-07-11 09:48:11,885,unknown,resistance,6,9,6,6,Ojom
2024-07-11 09:48:10,886,at-st,resistance,3,4,3,4,Aleen Minor
2024-07-11 09:48:09,887,at-st,resistance,8,4,6,8,Serenno
2024-07-11 09:48:08,888,at-st,empire,10,1,3,5,Serenno
2024-07-11 09:48:07,889,tie_fighter,empire,7,9,1,1,Tholoth
2024-07-11 09:48:06,890,x-wing,resistance,5,10,8,4,Kalee
2024-07-11 09:48:05,891,x-wing,resistance,4,10,9,2,Dathomir
2024-07-11 09:48:04,892,unknown,resistance,3,6,2,7,Champala
2024-07-11 09:48:03,893,tie_fighter,empire,9,9,6,4,Glee Anselm
2024-07-11 09:48:02,894,resistance_soldier,resistance,6,10,8,9,Aleen Minor
2024-07-11 09:48:01,895,resistance_soldier,resistance,7,8,3,8,Toydaria
2024-07-11 09:48:00,896,at-at,empire,10,9,4,7,Mon Cala
2024-07-11 09:47:59,897,x-wing,resistance,2,3,2,7,Serenno
2024-07-11 09:47:58,898,tie_silencer,empire,6,6,10,8,Tund
2024-07-11 09:47:57,899,x-wing,resistance,8,2,1,3,Stewjon
2024-07-11 09:47:56,900,resistance_soldier,resistance,7,6,8,6,Bestine IV
2024-07-11 09:47:55,901,x-wing,resistance,3,7,9,3,Ojom
2024-07-11 09:47:54,902,resistance_soldier,resistance,1,2,2,8,Quermia
2024-07-11 09:47:53,903,tie_fighter,empire,10,4,3,7,Trandosha
2024-07-11 09:47:52,904,stormtrooper,empire,3,4,4,3,Shili
2024-07-11 09:47:51,905,resistance_soldier,resistance,1,10,8,10,Kashyyyk
2024-07-11 09:47:50,906,at-st,empire,7,2,6,8,Trandosha
2024-07-11 09:47:49,907,unknown,empire,1,9,2,1,Tund
2024-07-11 09:47:48,908,resistance_soldier,resistance,10,8,9,10,Cerea
2024-07-11 09:47:47,909,tie_fighter,empire,2,2,1,10,Iktotch
2024-07-11 09:47:46,910,tie_silencer,empire,2,4,7,10,Iridonia
2024-07-11 09:47:45,911,tie_fighter,empire,3,6,1,5,Dathomir
2024-07-11 09:47:44,912,at-at,empire,9,9,2,10,Tund
2024-07-11 09:47:43,913,stormtrooper,empire,10,2,6,9,Kashyyyk
2024-07-11 09:47:42,914,tie_fighter,empire,6,3,1,8,Skako
2024-07-11 09:47:41,915,at-st,resistance,2,5,1,4,Iktotch
2024-07-11 09:47:40,916,stormtrooper,empire,6,5,7,4,Quermia
2024-07-11 09:47:39,917,unknown,empire,1,6,9,9,Tatooine
2024-07-11 09:47:38,918,unknown,empire,9,8,7,10,Sullust
2024-07-11 09:47:37,919,at-at,resistance,10,9,10,6,Zolan
2024-07-11 09:47:36,920,resistance_soldier,resistance,2,9,2,4,Bestine IV
2024-07-11 09:47:35,921,resistance_soldier,resistance,10,6,9,8,Bestine IV
2024-07-11 09:47:34,922,resistance_soldier,resistance,4,6,9,5,Iktotch
2024-07-11 09:47:33,923,tie_fighter,resistance,6,5,8,8,Toydaria
2024-07-11 09:47:32,924,at-at,empire,9,1,5,3,Eriadu
2024-07-11 09:47:31,925,resistance_soldier,resistance,1,2,1,10,Toydaria
2024-07-11 09:47:30,926,at-st,empire,5,5,7,4,Dorin
2024-07-11 09:47:29,927,stormtrooper,empire,5,10,1,1,Kalee
2024-07-11 09:47:28,928,at-st,empire,7,2,4,5,Rodia
2024-07-11 09:47:27,929,stormtrooper,empire,6,7,1,5,Iridonia
2024-07-11 09:47:26,930,at-at,empire,9,7,2,5,Champala
2024-07-11 09:47:25,931,tie_fighter,empire,9,7,8,8,Glee Anselm
2024-07-11 09:47:24,932,resistance_soldier,resistance,7,7,7,10,Malastare
2024-07-11 09:47:23,933,stormtrooper,empire,4,5,3,1,Naboo
2024-07-11 09:47:22,934,stormtrooper,empire,5,9,7,9,Mirial
2024-07-11 09:47:21,935,unknown,resistance,5,6,7,3,Aleen Minor
2024-07-11 09:47:20,936,resistance_soldier,resistance,2,9,6,5,Vulpter
2024-07-11 09:47:19,937,at-at,empire,6,8,2,4,Champala
2024-07-11 09:47:18,938,at-st,empire,5,9,10,4,Ryloth
2024-07-11 09:47:17,939,at-at,resistance,9,8,10,9,Tund
2024-07-11 09:47:16,940,stormtrooper,resistance,9,10,6,4,Bestine IV
2024-07-11 09:47:15,941,at-at,empire,4,5,5,4,Tatooine
2024-07-11 09:47:14,942,at-st,empire,8,8,6,1,Corellia
2024-07-11 09:47:13,943,at-at,empire,10,9,6,8,Corellia
2024-07-11 09:47:12,944,tie_silencer,empire,6,4,4,8,Cerea
2024-07-11 09:47:11,945,tie_fighter,empire,5,7,3,5,Mirial
2024-07-11 09:47:10,946,at-st,empire,5,10,10,10,Zolan
2024-07-11 09:47:09,947,at-st,resistance,8,6,8,7,Glee Anselm
2024-07-11 09:47:08,948,tie_silencer,empire,1,6,2,8,Umbara
2024-07-11 09:47:07,949,unknown,resistance,3,8,3,6,Ryloth
2024-07-11 09:47:06,950,at-st,resistance,4,10,3,4,Zolan
2024-07-11 09:47:05,951,tie_silencer,empire,1,7,5,2,Socorro
2024-07-11 09:47:04,952,at-st,empire,5,9,6,4,Glee Anselm
2024-07-11 09:47:03,953,unknown,resistance,5,1,4,1,Shili
2024-07-11 09:47:02,954,unknown,empire,1,10,3,5,Trandosha
2024-07-11 09:47:01,955,tie_silencer,empire,4,7,9,8,Vulpter
2024-07-11 09:47:00,956,tie_fighter,empire,6,10,6,5,Skako
2024-07-11 09:46:59,957,resistance_soldier,resistance,4,9,5,8,Socorro
2024-07-11 09:46:58,958,unknown,empire,6,5,9,8,Skako
2024-07-11 09:46:57,959,resistance_soldier,resistance,6,9,1,4,Rodia
2024-07-11 09:46:56,960,at-st,empire,6,7,5,5,Champala
2024-07-11 09:46:55,961,unknown,empire,2,9,8,9,Cerea
2024-07-11 09:46:54,962,stormtrooper,empire,7,7,1,9,Ojom
2024-07-11 09:46:53,963,tie_fighter,empire,5,7,1,4,Iktotch
2024-07-11 09:46:52,964,x-wing,resistance,8,4,1,3,Eriadu
2024-07-11 09:46:51,965,resistance_soldier,resistance,3,1,9,2,Dorin
2024-07-11 09:46:50,966,at-at,empire,4,6,5,10,Toydaria
2024-07-11 09:46:49,967,at-at,empire,5,1,5,1,Champala
2024-07-11 09:46:48,968,tie_silencer,empire,7,8,10,10,Iridonia
2024-07-11 09:46:47,969,resistance_soldier,resistance,8,9,9,8,Sullust
2024-07-11 09:46:46,970,tie_fighter,empire,2,5,9,1,Zolan
2024-07-11 09:46:45,971,at-st,empire,10,9,5,6,Dorin
2024-07-11 09:46:44,972,stormtrooper,empire,6,9,1,5,Concord Dawn
2024-07-11 09:46:43,973,unknown,resistance,10,3,5,1,Mirial
2024-07-11 09:46:42,974,at-at,empire,9,3,3,7,Mirial
2024-07-11 09:46:41,975,tie_fighter,empire,5,2,10,1,Sullust
2024-07-11 09:46:40,976,tie_silencer,empire,4,9,8,4,Cerea
2024-07-11 09:46:39,977,at-at,empire,9,3,2,3,Concord Dawn
2024-07-11 09:46:38,978,stormtrooper,empire,4,2,9,7,Rodia
2024-07-11 09:46:37,979,tie_fighter,resistance,2,5,3,6,Quermia
2024-07-11 09:46:36,980,unknown,resistance,2,9,2,2,Vulpter
2024-07-11 09:46:35,981,stormtrooper,empire,2,8,1,2,Socorro
2024-07-11 09:46:34,982,at-st,empire,3,7,5,9,Corellia
2024-07-11 09:46:33,983,unknown,resistance,7,4,3,7,Cerea
2024-07-11 09:46:32,984,at-st,empire,4,6,10,1,Naboo
2024-07-11 09:46:31,985,tie_fighter,resistance,6,9,10,10,Ryloth
2024-07-11 09:46:30,986,tie_silencer,empire,8,2,10,8,Corellia
2024-07-11 09:46:29,987,tie_fighter,empire,10,4,8,8,Haruun Kal
2024-07-11 09:46:28,988,tie_fighter,resistance,2,5,10,2,Ryloth
2024-07-11 09:46:27,989,x-wing,resistance,2,3,7,1,Glee Anselm
2024-07-11 09:46:26,990,tie_fighter,empire,6,7,2,1,Naboo
2024-07-11 09:46:25,991,resistance_soldier,resistance,2,3,2,7,Corellia
2024-07-11 09:46:24,992,at-at,empire,5,2,10,1,Quermia
2024-07-11 09:46:23,993,unknown,resistance,1,3,1,8,Tatooine
2024-07-11 09:46:22,994,tie_silencer,empire,9,10,9,9,Kalee
2024-07-11 09:46:21,995,at-st,empire,6,2,7,1,Ojom
2024-07-11 09:46:20,996,at-st,empire,3,8,5,1,Mon Cala
2024-07-11 09:46:19,997,stormtrooper,empire,7,5,1,6,Dagobah
2024-07-11 09:46:18,998,at-st,empire,5,8,10,8,Ryloth
2024-07-11 09:46:17,999,x-wing,resistance,9,8,8,3,Alderaan
2024-07-11 09:46:16,1000,at-st,empire,1,1,9,1,Vulpter
